{
  "strategy_id": "options_strategies_straddle_1757901597_2960",
  "deployment_timestamp": "2025-09-14T19:00:13.344028",
  "validation_score": 0.7496155136640462,
  "expected_performance": {
    "annual_return": 0.4386304232693222,
    "sharpe_ratio": 1.4601806319364554,
    "max_drawdown": 0.2257709889641692
  },
  "risk_profile": {
    "volatility": 0.3012887874937482,
    "var_95": -0.003405494208073734,
    "cvar_95": -0.004427142470495854,
    "leverage_risk": 1.7625179542512115,
    "liquidity_risk": 0.12250309541392396,
    "correlation_risk": 0.32809866251207104,
    "tail_risk": 0.11052597987888683,
    "risk_adjusted_return": 1.6336969102421564
  },
  "execution_costs": {
    "commission_cost": 0.007438244216893588,
    "spread_cost": 0.00532805549336258,
    "slippage_cost": 0.0010410319446783026,
    "total_cost_percentage": 1.380733165493447,
    "net_expected_return": 0.4784072295642076,
    "cost_efficiency": 35.648782365797246
  },
  "deployment_status": "ready_for_paper_trading"
}