{
  "strategy_id": "options_strategies_call_spread_1757901594_6851",
  "deployment_timestamp": "2025-09-14T19:00:09.342068",
  "validation_score": 0.9160956685025057,
  "expected_performance": {
    "annual_return": 0.6764283674418213,
    "sharpe_ratio": 2.7139351388275927,
    "max_drawdown": 0.07709426946102856
  },
  "risk_profile": {
    "volatility": 0.27030222219600447,
    "var_95": 0.11229435912836233,
    "cvar_95": 0.14598266686687103,
    "leverage_risk": 2.707306808490561,
    "liquidity_risk": 0.10073067982711034,
    "correlation_risk": 0.40088750660223343,
    "tail_risk": 0.14962930613562642,
    "risk_adjusted_return": 2.0604400145735178
  },
  "execution_costs": {
    "commission_cost": 0.005917923778896593,
    "spread_cost": 0.014499832308160272,
    "slippage_cost": 0.0047311666030699345,
    "total_cost_percentage": 2.51489226901268,
    "net_expected_return": 0.5317925919506629,
    "cost_efficiency": 22.145740455889946
  },
  "deployment_status": "ready_for_paper_trading"
}