{
  "strategy_id": "volatility_strategies_vix_contrarian_1757901584_9368",
  "deployment_timestamp": "2025-09-14T18:59:55.334697",
  "validation_score": 0.7456814260891671,
  "expected_performance": {
    "annual_return": 0.3978227971285083,
    "sharpe_ratio": 2.3875582052184554,
    "max_drawdown": 0.24176385957920848
  },
  "risk_profile": {
    "volatility": 0.3465609846016971,
    "var_95": -0.24039854909753505,
    "cvar_95": -0.31251811382679556,
    "leverage_risk": 1.0,
    "liquidity_risk": 0.015379299784938828,
    "correlation_risk": 0.720458208881995,
    "tail_risk": 0.08745421068053724,
    "risk_adjusted_return": 0.9513311804304073
  },
  "execution_costs": {
    "commission_cost": 0.0007796923324604342,
    "spread_cost": 0.004953467141754443,
    "slippage_cost": 0.0005122365190248,
    "total_cost_percentage": 0.6245395993239677,
    "net_expected_return": 0.323448874579017,
    "cost_efficiency": 52.78997055256928
  },
  "deployment_status": "ready_for_paper_trading"
}