{
  "strategy_id": "momentum_strategies_breakout_long_1757901575_7064",
  "deployment_timestamp": "2025-09-14T18:59:43.329073",
  "validation_score": 0.8433052312299162,
  "expected_performance": {
    "annual_return": 0.4458800037982886,
    "sharpe_ratio": 2.75865571870553,
    "max_drawdown": 0.1109396485413655
  },
  "risk_profile": {
    "volatility": 0.2525832041202957,
    "var_95": -0.07105923259480729,
    "cvar_95": -0.09237700237324947,
    "leverage_risk": 1.0,
    "liquidity_risk": 0.04368871285113879,
    "correlation_risk": 0.32960652109585925,
    "tail_risk": 0.12622376898158771,
    "risk_adjusted_return": 1.3636700008724076
  },
  "execution_costs": {
    "commission_cost": 0.001551583711028982,
    "spread_cost": 0.004148427289366782,
    "slippage_cost": 0.0009345343744480879,
    "total_cost_percentage": 0.6634545374843852,
    "net_expected_return": 0.3378055928082353,
    "cost_efficiency": 51.91616286009436
  },
  "deployment_status": "ready_for_paper_trading"
}