{
  "strategy_id": "volatility_strategies_vix_contrarian_1757901632_8303",
  "deployment_timestamp": "2025-09-14T19:00:34.398102",
  "validation_score": 0.7588302012230339,
  "expected_performance": {
    "annual_return": 0.2510152763319323,
    "sharpe_ratio": 1.3141789977937621,
    "max_drawdown": 0.20193381559322482
  },
  "risk_profile": {
    "volatility": 0.1581770708448217,
    "var_95": 0.03469896221187896,
    "cvar_95": 0.04510865087544265,
    "leverage_risk": 1.0,
    "liquidity_risk": 0.0485367949820156,
    "correlation_risk": 0.5514583450692965,
    "tail_risk": 0.0642361283556507,
    "risk_adjusted_return": 1.864367839008222
  },
  "execution_costs": {
    "commission_cost": 0.0008651622693958718,
    "spread_cost": 0.0013902184260268587,
    "slippage_cost": 0.0019364585207622838,
    "total_cost_percentage": 0.4191839216185014,
    "net_expected_return": 0.2907084045354256,
    "cost_efficiency": 70.35103889790861
  },
  "deployment_status": "ready_for_paper_trading"
}