{
  "strategy_id": "volatility_strategies_vix_contrarian_1757901661_8739",
  "deployment_timestamp": "2025-09-14T19:01:04.405780",
  "validation_score": 0.7354496390351487,
  "expected_performance": {
    "annual_return": 0.30553235681263224,
    "sharpe_ratio": 1.2332871716042977,
    "max_drawdown": 0.18938751106832202
  },
  "risk_profile": {
    "volatility": 0.1798972160079837,
    "var_95": 0.024608294610666936,
    "cvar_95": 0.03199078299386702,
    "leverage_risk": 1.0,
    "liquidity_risk": 0.03486861730768642,
    "correlation_risk": 0.7739722485624936,
    "tail_risk": 0.06816406850275195,
    "risk_adjusted_return": 1.7817908584509436
  },
  "execution_costs": {
    "commission_cost": 0.001155694476820383,
    "spread_cost": 0.004156008562797997,
    "slippage_cost": 0.0019897646762061143,
    "total_cost_percentage": 0.7301467715824494,
    "net_expected_return": 0.3132377472279756,
    "cost_efficiency": 43.90065496682187
  },
  "deployment_status": "ready_for_paper_trading"
}