{
  "strategy_id": "options_strategies_put_spread_1757901591_2385",
  "deployment_timestamp": "2025-09-14T19:00:05.338796",
  "validation_score": 0.798096868376676,
  "expected_performance": {
    "annual_return": 0.4081152826876957,
    "sharpe_ratio": 1.7360312776925229,
    "max_drawdown": 0.23538673469903598
  },
  "risk_profile": {
    "volatility": 0.25447390286123467,
    "var_95": 0.025691737140055515,
    "cvar_95": 0.03339925828207217,
    "leverage_risk": 2.301521983931501,
    "liquidity_risk": 0.13852833164942377,
    "correlation_risk": 0.5115227978789503,
    "tail_risk": 0.07749133935472863,
    "risk_adjusted_return": 1.7459602039784223
  },
  "execution_costs": {
    "commission_cost": 0.005301824686069444,
    "spread_cost": 0.006888932091360688,
    "slippage_cost": 0.002684885667509371,
    "total_cost_percentage": 1.48756424449395,
    "net_expected_return": 0.429425664901847,
    "cost_efficiency": 29.86770547835613
  },
  "deployment_status": "ready_for_paper_trading"
}