{
  "optimization_method": "MCTX_ENHANCED",
  "simulations_run": 1000,
  "best_strategy": {
    "strategy": "LONG_CALLS",
    "intensity": 1.5,
    "allocation": 0.6000000000000001,
    "allocation_amount": 595922.7960000001,
    "monte_carlo_results": {
      "mean_return": 0.19906048058549305,
      "std_return": 0.25792198147279677,
      "sharpe_ratio": 0.7717856362951683,
      "success_rate": 0.787,
      "worst_case": -0.21664346378887003,
      "best_case": 0.6317103856572898
    },
    "expected_portfolio_return": 0.11943628835129586,
    "risk_adjusted_return": 0.46128292264689097,
    "score": 0.07254503968812526
  },
  "top_5_strategies": [
    {
      "strategy": "LONG_CALLS",
      "intensity": 1.5,
      "allocation": 0.6000000000000001,
      "allocation_amount": 595922.7960000001,
      "monte_carlo_results": {
        "mean_return": 0.19906048058549305,
        "std_return": 0.25792198147279677,
        "sharpe_ratio": 0.7717856362951683,
        "success_rate": 0.787,
        "worst_case": -0.21664346378887003,
        "best_case": 0.6317103856572898
      },
      "expected_portfolio_return": 0.11943628835129586,
      "risk_adjusted_return": 0.46128292264689097,
      "score": 0.07254503968812526
    },
    {
      "strategy": "LONG_CALLS",
      "intensity": 1.0,
      "allocation": 0.5,
      "allocation_amount": 496602.33,
      "monte_carlo_results": {
        "mean_return": 0.16717437262344342,
        "std_return": 0.21768609911686085,
        "sharpe_ratio": 0.7679607163785818,
        "success_rate": 0.78,
        "worst_case": -0.17851801925990607,
        "best_case": 0.527506364577271
      },
      "expected_portfolio_return": 0.08358718631172171,
      "risk_adjusted_return": 0.382224506492544,
      "score": 0.05006950687441544
    },
    {
      "strategy": "LONG_CALLS",
      "intensity": 0.8,
      "allocation": 0.46,
      "allocation_amount": 456874.1436,
      "monte_carlo_results": {
        "mean_return": 0.13375134151055862,
        "std_return": 0.20946917448452046,
        "sharpe_ratio": 0.6385251760298635,
        "success_rate": 0.733,
        "worst_case": -0.202007249030754,
        "best_case": 0.4779872615754454
      },
      "expected_portfolio_return": 0.06152561709485697,
      "risk_adjusted_return": 0.29232602468055024,
      "score": 0.02879638547112037
    },
    {
      "strategy": "IRON_CONDORS",
      "intensity": 1.5,
      "allocation": 0.6000000000000001,
      "allocation_amount": 595922.7960000001,
      "monte_carlo_results": {
        "mean_return": 0.0908784589034726,
        "std_return": 0.13932228085983037,
        "sharpe_ratio": 0.6522894855195759,
        "success_rate": 0.742,
        "worst_case": -0.13945553738607394,
        "best_case": 0.31416790546902734
      },
      "expected_portfolio_return": 0.054527075342083564,
      "risk_adjusted_return": 0.3885845854839783,
      "score": 0.02639103893795693
    },
    {
      "strategy": "LONG_CALLS",
      "intensity": 0.5,
      "allocation": 0.4,
      "allocation_amount": 397281.86400000006,
      "monte_carlo_results": {
        "mean_return": 0.12073536590082085,
        "std_return": 0.18638616263750063,
        "sharpe_ratio": 0.6477700071310394,
        "success_rate": 0.734,
        "worst_case": -0.17601054096390373,
        "best_case": 0.41640462305137427
      },
      "expected_portfolio_return": 0.04829414636032834,
      "risk_adjusted_return": 0.2577252539919587,
      "score": 0.022962088656647534
    }
  ],
  "mctx_confidence": 0.95,
  "search_depth": 10,
  "timestamp": "2025-09-19T10:49:17.141719",
  "portfolio_context": {
    "portfolio_value": 993204.66,
    "available_cash": 978012.31,
    "optimization_target": "maximize_40_percent_monthly_roi"
  },
  "recommendations": {
    "immediate_action": "LONG_CALLS",
    "allocation_percentage": "60.0%",
    "allocation_amount": "$595,923",
    "expected_monthly_return": "19.9%",
    "success_probability": "78.7%",
    "sharpe_ratio": "0.77",
    "risk_level": "HIGH"
  }
}