{
  "timestamp": "2025-09-19T18:01:17.506467",
  "rd_strategies": {
    "GOOGL": {
      "sharpe_ratio": 2.3519961224900614,
      "expected_return": 0.7236360657255989,
      "rd_allocation": 136159.13765444575,
      "strategy_type": "MOMENTUM"
    },
    "MSFT": {
      "sharpe_ratio": 1.2786655986460571,
      "expected_return": 0.24622883760802095,
      "rd_allocation": 25187.54752351863,
      "strategy_type": "MOMENTUM"
    },
    "TSLA": {
      "sharpe_ratio": 1.6755307851376864,
      "expected_return": 1.052403642211013,
      "rd_allocation": 141066.77607324635,
      "strategy_type": "MOMENTUM"
    },
    "TLT_MR": {
      "sharpe_ratio": 1.135017114798003,
      "expected_return": 0.05412465334396632,
      "rd_allocation": 2457.29631511643,
      "strategy_type": "MEAN_REVERSION"
    }
  },
  "options_overlays": {
    "GOOGL": {
      "options_strategy": "LONG_CALLS",
      "options_allocation": 160000.0,
      "leverage_target": 20,
      "expiration_target": "WEEKLY"
    },
    "MSFT": {
      "options_strategy": "CALL_SPREADS",
      "options_allocation": 80000.0,
      "leverage_target": 12.786655986460572,
      "expiration_target": "WEEKLY"
    },
    "TSLA": {
      "options_strategy": "LONG_CALLS",
      "options_allocation": 160000.0,
      "leverage_target": 16.755307851376863,
      "expiration_target": "WEEKLY"
    },
    "TLT_MR": {
      "options_strategy": "STRADDLES",
      "options_allocation": 60000.0,
      "leverage_target": 9.080136918384024,
      "expiration_target": "MONTHLY"
    }
  },
  "combined_allocations": {
    "GOOGL": {
      "total_allocation": 296159.1376544457,
      "rd_weight": 0.4597499126071683,
      "options_weight": 0.5402500873928318,
      "expected_combined_return": 1.0854540985883983,
      "risk_score": "HIGH"
    },
    "MSFT": {
      "total_allocation": 105187.54752351863,
      "rd_weight": 0.2394537007138322,
      "options_weight": 0.7605462992861678,
      "expected_combined_return": 0.3693432564120314,
      "risk_score": "MODERATE"
    },
    "TSLA": {
      "total_allocation": 301066.7760732464,
      "rd_weight": 0.46855643758886995,
      "options_weight": 0.53144356241113,
      "expected_combined_return": 1.5786054633165194,
      "risk_score": "MODERATE"
    }
  },
  "risk_management": {
    "max_single_position": 0.25,
    "correlation_limit": 0.7,
    "total_leverage_limit": 15,
    "stop_loss_levels": {
      "momentum": 0.15,
      "mean_reversion": 0.1
    },
    "profit_taking": {
      "momentum": 0.5,
      "mean_reversion": 0.3
    }
  },
  "mctx_alignment": {
    "recommended_strategy": "LONG_CALLS",
    "confidence_level": 0.95,
    "monte_carlo_success_rate": 0.787
  }
}