{
  "empire_date": "2025-09-21T17:33:48.225100",
  "starting_balance": 992234,
  "backtest_results": {
    "annual_return_pct": 19.009036806107176,
    "total_return_pct": 19.009036806107176,
    "final_balance": 1180848.1262627095,
    "sharpe_ratio": 5.857053024595704,
    "max_drawdown": 0.008003735782000016,
    "volatility": 0.0290402643354612
  },
  "test_execution": 4,
  "strategies_active": [
    "momentum_cascade",
    "crypto_hybrid",
    "derivatives"
  ],
  "is_ready": false,
  "auto_launch_configured": true
}