{
  "start_time": "2025-09-14 17:54:59.782555",
  "total_runtime_hours": 5.679910699166666,
  "strategies_per_hour": 105.63546361530466,
  "elite_rate": 0.5233333333333333,
  "best_sharpe_achieved": 0,
  "cumulative_alpha": 0
}