{
  "start_time": "2025-09-14 17:54:59.782555",
  "total_runtime_hours": 11.849795414999999,
  "strategies_per_hour": 101.26757112456022,
  "elite_rate": 0.5175,
  "best_sharpe_achieved": 0,
  "cumulative_alpha": 0
}